[{
  "_id": {
    "$oid": "64859e06b521bf085a554dde"
  },
  "page": "home",
  "heading": "The Future Looks Bright",
  "subheading": "Our Vision of Tomorrow is Safe",
  "isunderline": false,
  "islight": true
},
{
  "_id": {
    "$oid": "64859e67b521bf085a554ddf"
  },
  "page": "book",
  "heading": "Book a Test Drive",
  "subheading": "Fill out the details below to book a test drive",
  "isunderline": true,
  "islight": false
},
{
  "_id": {
    "$oid": "64859ea5b521bf085a554de0"
  },
  "page": "purchase",
  "heading": "Purchase a Vehicle",
  "subheading": "Fill out the details below to purchase a vehicle from a local dealer",
  "isunderline": true,
  "islight": false
},
{
  "_id": {
    "$oid": "64859ee3b521bf085a554de1"
  },
  "page": "submission",
  "heading": "Thank you for the submission",
  "subheading": "Expect an email within 1 - 2 business days",
  "isunderline": false,
  "islight": false
},
{
  "_id": {
    "$oid": "64859f0bb521bf085a554de2"
  },
  "page": "contact",
  "heading": "Contact Information",
  "subheading": "Below are the contact details for our head office located in ",
  "isunderline": true,
  "islight": false
}]