[{
  "_id": {
    "$oid": "6485a758b521bf085a554de5"
  },
  "name": "Auckland",
  "phone": "3075089",
  "address": {
    "street": "289 Greenland Ave",
    "city": "Hamilton",
    "country": "New Zealand",
    "postcode": 3582
  },
  "hours": {
    "sunday": [
      "11am",
      "10pm"
    ],
    "monday": [
      "9am",
      "10am"
    ],
    "tuesday": [
      "9am",
      "10pm"
    ],
    "wednesday": [
      "9am",
      "10pm"
    ],
    "thursday": [
      "9am",
      "10pm"
    ],
    "friday": [
      "9am",
      "10pm"
    ],
    "saturday": [
      "9am",
      "10pm"
    ]
  },
  "link": "https://www.google.com/maps/place/Auckland/@-36.8588062,174.3764653,10z/data=!3m1!4b1!4m6!3m5!1s0x6d0d47fb5a9ce6fb:0x500ef6143a29917!8m2!3d-36.8508827!4d174.7644881!16zL20vMDEydHM?entry=ttu"
},
{
  "_id": {
    "$oid": "6485a60eb521bf485a554de4"
  },
  "name": "Head Office",
  "phone": "3035026",
  "isheadoffice": true,
  "address": {
    "street": "15 King Street",
    "city": "Hamilton",
    "country": "New Zealand",
    "postcode": 3159
  },
  "hours": {
    "sunday": [
      "9am",
      "10pm"
    ],
    "monday": [
      "9am",
      "10am"
    ],
    "tuesday": [
      "9am",
      "10pm"
    ],
    "wednesday": [
      "9am",
      "10pm"
    ],
    "thursday": [
      "9am",
      "10pm"
    ],
    "friday": [
      "9am",
      "10pm"
    ],
    "saturday": [
      "9am",
      "10pm"
    ]
  },
  "email": "headoffice@phoenix.co.nz",
  "link": "https://www.google.com/maps/place/Hamilton/@-37.7776566,175.1659885,12z/data=!3m1!4b1!4m6!3m5!1s0x6d6d227487a63621:0x500ef6143a29903!8m2!3d-37.7825893!4d175.2527624!16zL20vMGx3X3M?entry=ttu"
},
{
  "_id": {
    "$oid": "648dbcaf01b4bd8da1b10a5f"
  },
  "name": "Tauranga",
  "phone": "3258276",
  "address": {
    "street": "50 Windermere Dr",
    "city": "Tauranga",
    "country": "New Zealand",
    "postcode": 3159
  },
  "hours": {
    "sunday": [
      "1pm",
      "5pm"
    ],
    "monday": [
      "9am",
      "12pm"
    ],
    "tuesday": [
      "9.30am",
      "12pm"
    ],
    "wednesday": [
      "9.30am",
      "12pm"
    ],
    "thursday": [
      "9.30am",
      "12pm"
    ],
    "friday": [
      "9.30am",
      "12pm"
    ],
    "saturday": [
      "1pm",
      "7pm"
    ]
  },
  "link": "https://www.google.com/maps/place/Tauranga/@-37.7536341,175.9866702,11z/data=!3m1!4b1!4m6!3m5!1s0x6d6e76e77bd464e5:0x500ef6143a39926!8m2!3d-37.6869653!4d176.1654272!16zL20vMDFuNmx6?entry=ttu"
},
{
  "_id": {
    "$oid": "648dbcf901b4bd8da1b10a61"
  },
  "name": "Wellington",
  "phone": "3388342",
  "address": {
    "street": "189 James St",
    "city": "Wellington",
    "country": "New Zealand",
    "postcode": 3892
  },
  "hours": {
    "sunday": [
      "10am",
      "5pm"
    ],
    "monday": [
      "10am",
      "10pm"
    ],
    "tuesday": [
      "10am",
      "10pm"
    ],
    "wednesday": [
      "10am",
      "10pm"
    ],
    "thursday": [
      "10am",
      "10pm"
    ],
    "friday": [
      "10am",
      "10pm"
    ],
    "saturday": [
      "12pm",
      "6pm"
    ]
  },
  "link": "https://www.google.com/maps/place/Wellington/@-41.2525845,174.5894474,11z/data=!3m1!4b1!4m6!3m5!1s0x6d38b1fc49e974cb:0xa00ef63a213b470!8m2!3d-41.2923814!4d174.7787463!16zL20vMDg1M2c?entry=ttu"
},
{
  "_id": {
    "$oid": "648dbd8a01b4bd8da1b10a62"
  },
  "name": "New Plymouth",
  "phone": "3274783",
  "address": {
    "street": "253 Henderson Dr",
    "city": "New Plymouth",
    "country": "New Zealand",
    "postcode": 3047
  },
  "hours": {
    "sunday": [
      "9am",
      "5pm"
    ],
    "monday": [
      "9am",
      "5pm"
    ],
    "tuesday": [
      "9am",
      "5pm"
    ],
    "wednesday": [
      "9am",
      "5pm"
    ],
    "thursday": [
      "9am",
      "5pm"
    ],
    "friday": [
      "9am",
      "5pm"
    ],
    "saturday": [
      "9am",
      "5pm"
    ]
  },
  "link": "https://www.google.com/maps/place/New+Plymouth/@-39.0613107,174.0194685,12z/data=!3m1!4b1!4m6!3m5!1s0x6d14f9e62364ce0d:0x500ef6143a2e9a0!8m2!3d-39.0571533!4d174.0794082!16zL20vMDE3M2tq?entry=ttu"
}]