[{
  "_id": {
    "$oid": "648d99cdbe79f20f3cada904"
  },
  "icon": {
    "category": "suvs",
    "type": "4 x 4",
    "shape": "Double Cab Pickup",
    "iconimg": "icon.iconimg_1687001549818_2021 Ford Explorer Icon.png"
  },
  "preview": {
    "features": [
      "Push Start",
      "3.5 Ton Towing Capacity",
      "Power Roller Shutter"
    ],
    "description": [
      "The Ford Ranger is the pick-up truck always ready to work or play, with the power and capability for the toughest jobs, it also has the comfort and smart safety features you want for your family."
    ],
    "price": 52500,
    "edition": "Standard",
    "previewimg": "preview.previewimg_1687001549820_2021 Ford Explorer Preview.png"
  },
  "colours": [
    "Cactus Gray",
    "Carbonized Gray",
    "Cyber Orange",
    "Velocity Blue"
  ],
  "make": "Ford",
  "model": "Explorer",
  "year": 2021,
  "__v": 0
},
{
  "_id": {
    "$oid": "648d9d19be79f20f3cada908"
  },
  "icon": {
    "category": "suvs",
    "type": "2 Wheel Drive",
    "shape": "Compact SUV",
    "iconimg": "icon.iconimg_1687002393702_2021 Toyota Rav4 Icon.png"
  },
  "preview": {
    "features": [
      "Power Adjustable Seats",
      "Push Button Start",
      "Blind Spot Monitoring"
    ],
    "description": [
      "The fashionable 2021 Toyota RAV4 XLE Premium offers you a more than adequate chic experience once you open the doors and enter the spacious interior. Everywhere you look, you’ll find extraordinary amenities designed to entertain every passenger and make the entire ride delightful. Once inside, your attention will be completely drawn to the center console which provides infinite opportunities to both entertain and give you additional options to make your drive as pleasant as conceivable."
    ],
    "price": 45938,
    "edition": "XLE Premium",
    "previewimg": "preview.previewimg_1687002393708_2021 Toyota Rav4 Preview.png"
  },
  "colours": [
    "Glacier White",
    "Silver Sky",
    "Ruby",
    "Graphite"
  ],
  "make": "Toyota",
  "model": "Rav4",
  "year": 2021,
  "__v": 0
},
{
  "_id": {
    "$oid": "648d9fdfbe79f20f3cada909"
  },
  "icon": {
    "category": "suvs",
    "type": "4 x 4",
    "shape": "SUV",
    "iconimg": "icon.iconimg_1687003103029_2022 Jeep Grand Wagoneer Icon.png"
  },
  "preview": {
    "features": [
      "Hand-Treated Materials",
      "Cinematic Sound",
      "Full Colour, Complete Clarity"
    ],
    "description": [
      "Built for those who want to share a lifetime of success with the people they hold dear. The All-New Grand Wagoneer and Wagoneer reinterpret their own legacies and take the premium SUV into uncharted territories of style, comfort and adventure. These are more than sport utility vehicles. They’re the means to make exceptional memories and create your own legend."
    ],
    "price": 88769,
    "edition": "Standard",
    "previewimg": "preview.previewimg_1687003103030_2022 Jeep Grand Wagoneer Preview.png"
  },
  "colours": [
    "Silver Zynith",
    "Baltic Gray",
    "Valvet Red",
    "Bright White"
  ],
  "make": "Jeep",
  "model": "Wagoneer",
  "year": 2022,
  "__v": 0
},
{
  "_id": {
    "$oid": "648da20bbe79f20f3cada90a"
  },
  "icon": {
    "category": "suvs",
    "type": "All Wheel Drive",
    "shape": "SUV",
    "iconimg": "icon.iconimg_1687003659383_2022 Porsche Cayenne Icon.png"
  },
  "preview": {
    "features": [
      "Hand-Treated Materials",
      "Cinematic Sound",
      "Full Colour, Complete Clarity"
    ],
    "description": [
      "Built for those who want to share a lifetime of success with the people they hold dear. The All-New Grand Wagoneer and Wagoneer reinterpret their own legacies and take the premium SUV into uncharted territories of style, comfort and adventure. These are more than sport utility vehicles. They’re the means to make exceptional memories and create your own legend."
    ],
    "price": 88769,
    "edition": "Standard",
    "previewimg": "preview.previewimg_1687003659395_2022 Porsche Cayenne Preview.png"
  },
  "colours": [
    "Diamond Blue",
    "Sea Shell Yellow",
    "Pearl White",
    "Star Black"
  ],
  "make": "Porsche",
  "model": "Cayenne",
  "year": 2022,
  "__v": 0
},
{
  "_id": {
    "$oid": "648da7eebe79f20f3cada90b"
  },
  "icon": {
    "category": "cars",
    "type": "2 Wheel Drive",
    "shape": "Hatchback",
    "iconimg": "icon.iconimg_1687005166699_2013 Toyota Corolla GX Icon.png"
  },
  "preview": {
    "features": [
      "Hand-Treated Materials",
      "Electric Mirrors",
      "Emersive Sound System"
    ],
    "description": [
      "Just about the only thing we didn't update in the latest Toyota Corolla is its reputation for exceptional driving. The European-inspired design, clever technology and thoughtful features make every model in the Toyota Corolla range a joy to drive."
    ],
    "price": 88769,
    "edition": "GX",
    "previewimg": "preview.previewimg_1687005166699_2013 Toyota Corolla GX Preview.png"
  },
  "colours": [
    "Sparkling Brown",
    "Sunfire Red",
    "Seaweed Greem",
    "Pearl Yellow"
  ],
  "make": "Toyota",
  "model": "Corolla",
  "year": 2013,
  "__v": 0
},
{
  "_id": {
    "$oid": "648dab75be79f20f3cada90c"
  },
  "icon": {
    "category": "cars",
    "type": "2 Wheel Drive",
    "shape": "Coupe",
    "iconimg": "icon.iconimg_1687006069983_2015 Toyota 86 Icon.png"
  },
  "preview": {
    "features": [
      "Hand-Treated Materials",
      "Luxurious Design",
      "Racing Tires"
    ],
    "description": [
      "Layering performance improvements on thick, the 86 has been reengineered to deliver more power, improved torsional rigidity, and precision handling to turn out an intuitive drive that’s more direct, more comfortable, and unrelenting in road extremes."
    ],
    "price": 88769,
    "edition": "Standard",
    "previewimg": "preview.previewimg_1687006069984_2015 Toyota 86 Preview.png"
  },
  "colours": [
    "Graphite Gray",
    "Diamond White",
    "Sparkling Red",
    "Beach Brown"
  ],
  "make": "Toyota",
  "model": "86",
  "year": 2015,
  "__v": 0
},
{
  "_id": {
    "$oid": "648dacc1be79f20f3cada90d"
  },
  "icon": {
    "category": "cars",
    "type": "2 Wheel Drive",
    "shape": "Coupe",
    "iconimg": "icon.iconimg_1687006401165_2021 Nissan GT-R Icon.png"
  },
  "preview": {
    "features": [
      "Designed for Speed",
      "Luxurious Design",
      "Hand-Treated Materials"
    ],
    "description": [
      "Nissan challenged convention at every point in GT-R’s development. Instead of a large, heavy engine thirsty for fuel, Nissan GT-R is powered by an ideally sized, twin-turbocharged 3.8-liter V6, which produces a prodigious 565 hp and an equally immense 467 lb-ft of torque. It’s built with immense strength: from a closed-deck cylinder block to a ladder-frame structure for added support. "
    ],
    "price": 95569,
    "edition": "Standard",
    "previewimg": "preview.previewimg_1687006401165_2021 Nissan GT-R Preview.png"
  },
  "colours": [
    "Graphite Gray",
    "Diamond White",
    "Streamline Blue",
    "Sea Stream Brown"
  ],
  "make": "Nissan",
  "model": "GT-R R35",
  "year": 2021,
  "__v": 0
},
{
  "_id": {
    "$oid": "648dadabbe79f20f3cada90e"
  },
  "icon": {
    "category": "cars",
    "type": "2 Wheel Drive",
    "shape": "Coupe",
    "iconimg": "icon.iconimg_1687006635625_2023 Ford Mustang Icon.png"
  },
  "preview": {
    "features": [
      "Race Performance",
      "Power Adjustable Seats",
      "Hand-Treated Materials"
    ],
    "description": [
      "Nissan challenged convention at every point in GT-R’s development. Instead of a large, heavy engine thirsty for fuel, Nissan GT-R is powered by an ideally sized, twin-turbocharged 3.8-liter V6, which produces a prodigious 565 hp and an equally immense 467 lb-ft of torque. It’s built with immense strength: from a closed-deck cylinder block to a ladder-frame structure for added support. "
    ],
    "price": 109690,
    "edition": "Race",
    "previewimg": "preview.previewimg_1687006635626_2023 Ford Mustang Preview.png"
  },
  "colours": [
    "Sky Blue",
    "Sunfire Yellow",
    "Streamline Blue",
    "Pearl White"
  ],
  "make": "Ford",
  "model": "Mustang",
  "year": 2023,
  "__v": 0
},
{
  "_id": {
    "$oid": "648daf09be79f20f3cada90f"
  },
  "icon": {
    "category": "vans",
    "type": "2 Wheel Drive",
    "shape": "Minivan",
    "iconimg": "icon.iconimg_1687006985875_2022 Chrysler Pacifica Icon.png"
  },
  "preview": {
    "features": [
      "Clean Interior",
      "Power Adjustable MIrrors",
      "Foldable Seats"
    ],
    "description": [
      "The Chrysler Pacifica is a seven- or eight-seat minivan that’s powered by a standard 287-horsepower, 3.6-liter V-6 engine that works with a nine-speed automatic transmission. Front- or all-wheel-drive models are available. "
    ],
    "price": 109690,
    "edition": "Standard",
    "previewimg": "preview.previewimg_1687006985876_2022 Chrysler Pacifica Preview.png"
  },
  "colours": [
    "Mint Green",
    "Firebomb Red",
    "Ocean Blue",
    "Fox Brown"
  ],
  "make": "Chrysler",
  "model": "Pacif",
  "year": 2022,
  "__v": 0
},
{
  "_id": {
    "$oid": "648db0e5be79f20f3cada910"
  },
  "icon": {
    "category": "vans",
    "type": "2 Wheel Drive",
    "shape": "Minivan",
    "iconimg": "icon.iconimg_1687007461603_2022 Chrysler Voyager Icon.png"
  },
  "preview": {
    "features": [
      "Luxurious Interior",
      "Power Adjustable Seats",
      "Foldable Seats"
    ],
    "description": [
      "The Voyager is a lower-cost version of the Pacific which is a fleet-only model with one LX trim. It essentially replaced the discontinued Dodge Grand Caravan. It uses the same 3.6-liter V6 engine as the Pacifica, matched with a nine-speed automatic transmission that routes power to the front wheels."
    ],
    "price": 45495,
    "edition": "Standard",
    "previewimg": "preview.previewimg_1687007461603_2022 Chrysler Voyager Preview.png"
  },
  "colours": [
    "Pearl Blue",
    "Star Black",
    "Burning Red",
    "Graphite Gray"
  ],
  "make": "Chrysler",
  "model": "Voyager",
  "year": 2022,
  "__v": 0
},
{
  "_id": {
    "$oid": "648db1e9be79f20f3cada911"
  },
  "icon": {
    "category": "vans",
    "type": "2 Wheel Drive",
    "shape": "Minivan",
    "iconimg": "icon.iconimg_1687007721018_2022 Ford Transit Connect Icon.png"
  },
  "preview": {
    "features": [
      "Comfortable Interior",
      "2.0 Towing Capacity",
      "Foldable Seats"
    ],
    "description": [
      "The Transit Connect offers a turbocharged 2.0-liter four-cylinder engine that makes 162 horsepower and pairs with an eight-speed automatic. The Transit Connect can tow up to 2000 pounds and carry a maximum payload of 1570 pounds."
    ],
    "price": 78590,
    "edition": "Standard",
    "previewimg": "preview.previewimg_1687007721018_2022 Ford Transit Connect Preview.png"
  },
  "colours": [
    "Ash Gray",
    "Star Black",
    "Pearl White",
    "Graphite Gray"
  ],
  "make": "Ford",
  "model": "Transit Connect",
  "year": 2022,
  "__v": 0
},
{
  "_id": {
    "$oid": "648db302be79f20f3cada913"
  },
  "icon": {
    "category": "vans",
    "type": "All Wheel Drive",
    "shape": "Minivan",
    "iconimg": "icon.iconimg_1687008002429_2022 Toyota Sienna Icon.png"
  },
  "preview": {
    "features": [
      "Comfortable Interior",
      "Built for Family Transportation",
      "Power Adjustable Seats"
    ],
    "description": [
      "What's New on the 2022 Toyota Sienna? The new Woodland Edition features all-wheel drive, 18-inch alloy wheels, a household power outlet, navigation, a JBL stereo, and unique trim and badges. It also has 6.9 inches of ground clearance, which is 0.6 inch more than other Siennas."
    ],
    "price": 89528,
    "edition": "Standard",
    "previewimg": "preview.previewimg_1687008002429_2022 Toyota Sienna Preview.png"
  },
  "colours": [
    "Carbon Gray",
    "Smoke Black",
    "Pearl White",
    "Sunfire Red"
  ],
  "make": "Toyota",
  "model": "Sienna",
  "year": 2022,
  "__v": 0
},
{
  "_id": {
    "$oid": "648db461be79f20f3cada914"
  },
  "icon": {
    "category": "utes",
    "type": "4 x 4",
    "shape": "Pickup",
    "iconimg": "icon.iconimg_1687008353906_2022 Ford Ranger Icon.png"
  },
  "preview": {
    "features": [
      "Built for Offroad",
      "Luxurious Design",
      "Removable Door"
    ],
    "description": [
      "Say hello to the next-gen Ranger. Tough, smart and versatile, this next-gen Ranger is the perfect partner for work, your every day and play. It’s packed with new features and technology for you to get the most out of your Ranger Life."
    ],
    "price": 89528,
    "edition": "Standard",
    "previewimg": "preview.previewimg_1687008353906_2022 Ford Ranger Preview.png"
  },
  "colours": [
    "Sunfire Orange",
    "Smoke Black",
    "Pearl White",
    "Beast Boy Green"
  ],
  "make": "Ford",
  "model": "Ranger",
  "year": 2022,
  "__v": 0
},
{
  "_id": {
    "$oid": "648db61bbe79f20f3cada916"
  },
  "icon": {
    "category": "utes",
    "type": "AWD",
    "shape": "Double Cab Pickup",
    "iconimg": "icon.iconimg_1687008795112_2022 Isuzu D-Max Icom.png"
  },
  "preview": {
    "features": [
      "Luxurious Style",
      "Drivable on Any Road",
      "Removable Rear Door"
    ],
    "description": [
      "The new Isuzu D-Max Ute has been unveiled to the world, making a clear statement for its drivers: All roads are the destination. Fundamentally reimagined, the Isuzu D-Max Ute defines the premium segment at Volkswagen Commercial Vehicles with its modern technology and redesigned styling. "
    ],
    "price": 739583,
    "edition": "Standard",
    "previewimg": "preview.previewimg_1687008795113_2022 Isuzu D-Max Preview.png"
  },
  "colours": [
    "Fireball Orange",
    "Smoke Black",
    "Pearl White",
    "Grassy Green"
  ],
  "make": "Isuzu",
  "model": "D-Max",
  "year": 2022,
  "__v": 0
},
{
  "_id": {
    "$oid": "648db871be79f20f3cada917"
  },
  "icon": {
    "category": "utes",
    "type": "AWD",
    "shape": "Dual Cab Pickup",
    "iconimg": "icon.iconimg_1687009392987_2022 Mazda BT-50 Icon.png"
  },
  "preview": {
    "features": [
      "Impressive Fuel Economy",
      "Rear Cross Traffic Alert (RCTA)",
      "Removable Seats"
    ],
    "description": [
      "Now available in Single Cab, Freestyle & Dual Cab configurations, the Complete Package has arrived. Discover the Brand-New Mazda BT-50 Ute today."
    ],
    "price": 101480,
    "edition": "All Wheel Drive",
    "previewimg": "preview.previewimg_1687009392987_2022 Mazda BT-50 Preview.png"
  },
  "colours": [
    "Graphite Gray",
    "Star Black",
    "Sea Foam White",
    "Lightning Purple"
  ],
  "make": "Mazda",
  "model": "BT-50",
  "year": 2022,
  "__v": 0
},
{
  "_id": {
    "$oid": "648dba2ebe79f20f3cada918"
  },
  "icon": {
    "category": "utes",
    "type": "4 x 4",
    "shape": "Double Cab Pickup",
    "iconimg": "icon.iconimg_1687009838936_2022 Nissan Navara Icon.png"
  },
  "preview": {
    "features": [
      "Impressive Fuel Economy",
      "Rear Cross Traffic Alert (RCTA)",
      "Immersive Sound System"
    ],
    "description": [
      "Now available in Single Cab, Freestyle & Dual Cab configurations, the Complete Package has arrived. Discover the Brand-New Mazda BT-50 Ute today."
    ],
    "price": 120000,
    "edition": "4 Wheel Drive",
    "previewimg": "preview.previewimg_1687009838936_2022 Nissan Navara Preview.png"
  },
  "colours": [
    "Graphite Gray",
    "Starthunder Black",
    "Teal Green",
    "Smoke Gray"
  ],
  "make": "Nissan",
  "model": "Navara",
  "year": 2022,
  "__v": 0
}]